{"cameraMode":{"drawMode":0,"name":"Shaded","section":"Shading Mode"},"sceneLighting":true,"audioPlay":false,"sceneViewState":{"showFog":true,"showMaterialUpdate":true,"showSkybox":true,"showFlares":true,"showImageEffects":true,"showParticleSystems":true},"in2DMode":false,"pivot":{"x":4.545212268829346,"y":0.2407129406929016,"z":-0.2628817856311798},"rotation":{"x":0.09526520222425461,"y":0.6938120126724243,"z":-0.09339680522680283,"w":0.7076910138130188},"size":10.088449478149414,"orthographic":false}